tripduration,starttime,stoptime,start station id,start station name,start station latitude,start station longitude,end station id,end station name,end station latitude,end station longitude,bikeid,usertype,birth year,gender
1346,1/1/2015 0:01,1/1/2015 0:24,455,1 Ave & E 44 St,40.75001986,-73.96905301,265,Stanton St & Chrystie St,40.72229346,-73.99147535,18660,Subscriber,1960,2
406,1/1/2015 10:46,1/1/2015 10:52,258,DeKalb Ave & Vanderbilt Ave,40.68940747,-73.96885458,83,Atlantic Ave & Fort Greene Pl,40.68382604,-73.97632328,16170,Subscriber,1970,1
632,1/1/2015 13:40,1/1/2015 13:50,168,W 18 St & 6 Ave,40.73971301,-73.99456405,528,2 Ave & E 31 St,40.74290902,-73.97706058,18878,Subscriber,1990,1
2518,1/1/2015 15:51,1/1/2015 16:33,322,Clinton St & Tillary St,40.696192,-73.991218,387,Centre St & Chambers St,40.71273266,-74.0046073,18214,Customer,,0
450,1/1/2015 17:55,1/1/2015 18:02,512,W 29 St & 9 Ave,40.7500727,-73.99839279,529,W 42 St & 8 Ave,40.7575699,-73.99098507,17703,Subscriber,1950,1
322,1/1/2015 21:56,1/1/2015 22:01,441,E 52 St & 2 Ave,40.756014,-73.967416,518,E 39 St & 2 Ave,40.74780373,-73.9734419,19839,Subscriber,1986,1
221,1/2/2015 7:35,1/2/2015 7:39,396,Lefferts Pl & Franklin Ave,40.68034242,-73.95576894,344,Monroe St & Bedford Ave,40.6851443,-73.95380904,18909,Subscriber,1985,1
542,1/2/2015 9:07,1/2/2015 9:16,513,W 56 St & 10 Ave,40.768254,-73.988639,513,W 56 St & 10 Ave,40.768254,-73.988639,18481,Subscriber,1981,1
740,1/2/2015 10:53,1/2/2015 11:05,293,Lafayette St & E 8 St,40.73028666,-73.9907647,320,Leonard St & Church St,40.717571,-74.005549,21030,Subscriber,1980,1
407,1/2/2015 12:27,1/2/2015 12:34,293,Lafayette St & E 8 St,40.73028666,-73.9907647,404,9 Ave & W 14 St,40.7405826,-74.00550867,14953,Subscriber,1973,1
892,1/2/2015 13:42,1/2/2015 13:57,497,E 17 St & Broadway,40.73704984,-73.99009296,490,8 Ave & W 33 St,40.751551,-73.993934,18789,Subscriber,1961,1
229,1/2/2015 14:53,1/2/2015 14:57,274,Lafayette Ave & Fort Greene Pl,40.68691865,-73.976682,420,Clermont Ave & Lafayette Ave,40.68764484,-73.96968902,16869,Subscriber,1987,2
293,1/2/2015 15:59,1/2/2015 16:04,382,University Pl & E 14 St,40.73492695,-73.99200509,293,Lafayette St & E 8 St,40.73028666,-73.9907647,17716,Subscriber,1993,2
1115,1/2/2015 16:57,1/2/2015 17:16,463,9 Ave & W 16 St,40.74206539,-74.00443172,318,E 43 St & Vanderbilt Ave,40.75320159,-73.9779874,19227,Subscriber,1969,1
1374,1/2/2015 17:55,1/2/2015 18:18,478,11 Ave & W 41 St,40.76030096,-73.99884222,435,W 21 St & 6 Ave,40.74173969,-73.99415556,17880,Subscriber,1979,2
596,1/2/2015 19:13,1/2/2015 19:23,483,E 12 St & 3 Ave,40.73223272,-73.98889957,453,W 22 St & 8 Ave,40.74475148,-73.99915362,18089,Subscriber,1986,1
1348,1/2/2015 21:37,1/2/2015 21:59,497,E 17 St & Broadway,40.73704984,-73.99009296,116,W 17 St & 8 Ave,40.74177603,-74.00149746,19123,Subscriber,1983,1
402,1/3/2015 7:44,1/3/2015 7:51,380,W 4 St & 7 Ave S,40.73401143,-74.00293877,509,9 Ave & W 22 St,40.7454973,-74.00197139,14904,Subscriber,1982,2
5194,1/3/2015 10:26,1/3/2015 11:52,367,E 53 St & Lexington Ave,40.75828065,-73.97069431,173,Broadway & W 49 St,40.76064679,-73.98442659,16490,Customer,,0
104,1/3/2015 11:53,1/3/2015 11:54,147,Greenwich St & Warren St,40.71542197,-74.01121978,152,Warren St & Church St,40.71473993,-74.00910627,19986,Subscriber,1984,1
614,1/3/2015 14:19,1/3/2015 14:29,517,Pershing Square South,40.751581,-73.97791,492,W 33 St & 7 Ave,40.75019995,-73.99093085,14551,Subscriber,1981,1
178,1/4/2015 0:27,1/4/2015 0:30,153,E 40 St & 5 Ave,40.75206231,-73.9816324,167,E 39 St & 3 Ave,40.7489006,-73.97604882,17115,Subscriber,1972,1
633,1/4/2015 10:56,1/4/2015 11:07,352,W 56 St & 6 Ave,40.76340613,-73.97722479,518,E 39 St & 2 Ave,40.74780373,-73.9734419,15194,Subscriber,1958,1
1168,1/4/2015 12:36,1/4/2015 12:56,237,E 11 St & 2 Ave,40.73047309,-73.98672378,321,Cadman Plaza E & Red Cross Pl,40.69991755,-73.98971773,19577,Subscriber,1991,2
586,1/4/2015 13:56,1/4/2015 14:06,369,Washington Pl & 6 Ave,40.73224119,-74.00026394,128,MacDougal St & Prince St,40.72710258,-74.00297088,20780,Subscriber,1982,1
722,1/4/2015 15:13,1/4/2015 15:25,268,Howard St & Centre St,40.71910537,-73.99973337,475,E 16 St & Irving Pl,40.73524276,-73.98758561,17924,Subscriber,1983,1
345,1/4/2015 16:25,1/4/2015 16:30,384,Fulton St & Waverly Ave,40.68317813,-73.9659641,83,Atlantic Ave & Fort Greene Pl,40.68382604,-73.97632328,15212,Subscriber,1980,1
889,1/4/2015 17:47,1/4/2015 18:02,250,Lafayette St & Jersey St,40.72456089,-73.99565293,511,E 14 St & Avenue B,40.72938685,-73.97772429,16800,Subscriber,1977,2
1009,1/4/2015 19:28,1/4/2015 19:45,340,Madison St & Clinton St,40.71269042,-73.98776323,174,E 25 St & 1 Ave,40.7381765,-73.97738662,16536,Subscriber,1980,1
526,1/5/2015 5:26,1/5/2015 5:35,450,W 49 St & 8 Ave,40.76227205,-73.98788205,465,Broadway & W 41 St,40.75513557,-73.98658032,17993,Subscriber,1983,1
354,1/5/2015 7:23,1/5/2015 7:29,160,E 37 St & Lexington Ave,40.748238,-73.978311,540,Lexington Ave & E 26 St,40.74147286,-73.98320928,16346,Subscriber,1960,1
311,1/5/2015 8:09,1/5/2015 8:14,426,West St & Chambers St,40.71754834,-74.01322069,387,Centre St & Chambers St,40.71273266,-74.0046073,20974,Subscriber,1976,1
769,1/5/2015 8:45,1/5/2015 8:58,375,Mercer St & Bleecker St,40.72679454,-73.99695094,147,Greenwich St & Warren St,40.71542197,-74.01121978,15618,Subscriber,1976,1
562,1/5/2015 9:22,1/5/2015 9:32,313,Washington Ave & Park Ave,40.69610226,-73.96751037,324,DeKalb Ave & Hudson Ave,40.689888,-73.981013,15192,Subscriber,1976,1
804,1/5/2015 10:49,1/5/2015 11:02,330,Reade St & Broadway,40.71450451,-74.00562789,147,Greenwich St & Warren St,40.71542197,-74.01121978,19424,Subscriber,1952,2
1425,1/5/2015 12:49,1/5/2015 13:13,477,W 41 St & 8 Ave,40.75640548,-73.9900262,477,W 41 St & 8 Ave,40.75640548,-73.9900262,20555,Subscriber,1986,1
1131,1/5/2015 14:26,1/5/2015 14:45,2012,E 27 St & 1 Ave,40.739445,-73.976806,383,Greenwich Ave & Charles St,40.735238,-74.000271,14679,Subscriber,1973,2
364,1/5/2015 15:56,1/5/2015 16:02,296,Division St & Bowery,40.71413089,-73.9970468,151,Cleveland Pl & Spring St,40.7218158,-73.99720307,19423,Subscriber,1959,2
520,1/5/2015 17:00,1/5/2015 17:08,402,Broadway & E 22 St,40.7403432,-73.98955109,167,E 39 St & 3 Ave,40.7489006,-73.97604882,16646,Subscriber,1972,1
1510,1/5/2015 17:38,1/5/2015 18:03,445,E 10 St & Avenue A,40.72740794,-73.98142006,465,Broadway & W 41 St,40.75513557,-73.98658032,18928,Subscriber,1987,2
627,1/5/2015 18:13,1/5/2015 18:24,359,E 47 St & Park Ave,40.75510267,-73.97498696,499,Broadway & W 60 St,40.76915505,-73.98191841,17645,Subscriber,1974,1
1689,1/5/2015 18:52,1/5/2015 19:21,446,W 24 St & 7 Ave,40.74487634,-73.99529885,502,Henry St & Grand St,40.714215,-73.981346,16392,Subscriber,1983,2
231,1/5/2015 19:51,1/5/2015 19:55,167,E 39 St & 3 Ave,40.7489006,-73.97604882,476,E 31 St & 3 Ave,40.74394314,-73.97966069,15414,Subscriber,1987,1
208,1/5/2015 22:27,1/5/2015 22:31,160,E 37 St & Lexington Ave,40.748238,-73.978311,540,Lexington Ave & E 26 St,40.74147286,-73.98320928,18058,Subscriber,1985,1
256,1/6/2015 7:02,1/6/2015 7:07,313,Washington Ave & Park Ave,40.69610226,-73.96751037,270,Adelphi St & Myrtle Ave,40.69308257,-73.97178913,15685,Subscriber,1969,1
392,1/6/2015 8:07,1/6/2015 8:13,147,Greenwich St & Warren St,40.71542197,-74.01121978,3002,South End Ave & Liberty St,40.711512,-74.015756,21583,Subscriber,1958,1
945,1/6/2015 8:55,1/6/2015 9:11,345,W 13 St & 6 Ave,40.73649403,-73.99704374,152,Warren St & Church St,40.71473993,-74.00910627,20889,Subscriber,1975,1
194,1/6/2015 12:23,1/6/2015 12:26,265,Stanton St & Chrystie St,40.72229346,-73.99147535,531,Forsyth St & Broome St,40.71893904,-73.99266288,18587,Subscriber,1960,2
769,1/6/2015 16:10,1/6/2015 16:23,445,E 10 St & Avenue A,40.72740794,-73.98142006,348,W Broadway & Spring St,40.72490985,-74.00154702,21475,Subscriber,1967,2
741,1/6/2015 17:38,1/6/2015 17:51,352,W 56 St & 6 Ave,40.76340613,-73.97722479,492,W 33 St & 7 Ave,40.75019995,-73.99093085,16692,Subscriber,1977,1
726,1/6/2015 18:34,1/6/2015 18:46,375,Mercer St & Bleecker St,40.72679454,-73.99695094,296,Division St & Bowery,40.71413089,-73.9970468,14710,Subscriber,1982,1
843,1/6/2015 19:59,1/6/2015 20:13,518,E 39 St & 2 Ave,40.74780373,-73.9734419,449,W 52 St & 9 Ave,40.76461837,-73.98789473,16464,Subscriber,1985,1
519,1/7/2015 2:37,1/7/2015 2:46,427,Bus Slip & State St,40.701907,-74.013942,327,Vesey Pl & River Terrace,40.7153379,-74.01658354,17451,Subscriber,1963,1
582,1/7/2015 7:53,1/7/2015 8:03,2003,1 Ave & E 18 St,40.73416059,-73.98024289,311,Norfolk St & Broome St,40.7172274,-73.98802084,18667,Subscriber,1984,1
479,1/7/2015 8:48,1/7/2015 8:56,537,Lexington Ave & E 24 St,40.74025878,-73.98409214,442,W 27 St & 7 Ave,40.746647,-73.993915,16679,Subscriber,1987,2
756,1/7/2015 9:54,1/7/2015 10:06,518,E 39 St & 2 Ave,40.74780373,-73.9734419,477,W 41 St & 8 Ave,40.75640548,-73.9900262,21115,Subscriber,1977,1
679,1/7/2015 12:40,1/7/2015 12:52,347,W Houston St & Hudson St,40.72873888,-74.00748842,521,8 Ave & W 31 St,40.75044999,-73.99481051,19171,Subscriber,1966,2
602,1/7/2015 14:58,1/7/2015 15:08,537,Lexington Ave & E 24 St,40.74025878,-73.98409214,294,Washington Square E,40.73049393,-73.9957214,21239,Subscriber,1993,2
580,1/7/2015 16:50,1/7/2015 17:00,526,E 33 St & 5 Ave,40.74765947,-73.98490707,318,E 43 St & Vanderbilt Ave,40.75320159,-73.9779874,19991,Subscriber,1974,1
18449,1/7/2015 17:51,1/7/2015 22:59,285,Broadway & E 14 St,40.73454567,-73.99074142,477,W 41 St & 8 Ave,40.75640548,-73.9900262,17703,Subscriber,1988,1
308,1/7/2015 18:48,1/7/2015 18:53,538,E 48 St & Madison Ave,40.75666,-73.976684,173,Broadway & W 49 St,40.76064679,-73.98442659,21310,Subscriber,1975,1
338,1/7/2015 20:46,1/7/2015 20:52,511,E 14 St & Avenue B,40.72938685,-73.97772429,511,E 14 St & Avenue B,40.72938685,-73.97772429,20327,Subscriber,1993,1
911,1/8/2015 7:12,1/8/2015 7:28,389,Broadway & Berry St,40.71044554,-73.96525063,301,E 2 St & Avenue B,40.72217444,-73.98368779,21256,Subscriber,1981,2
783,1/8/2015 8:37,1/8/2015 8:50,477,W 41 St & 8 Ave,40.75640548,-73.9900262,489,10 Ave & W 28 St,40.75066386,-74.00176802,14612,Subscriber,1989,1
611,1/8/2015 9:48,1/8/2015 9:58,490,8 Ave & W 33 St,40.751551,-73.993934,459,W 20 St & 11 Ave,40.746745,-74.007756,18368,Subscriber,1973,1
829,1/8/2015 12:55,1/8/2015 13:09,2000,Front St & Washington St,40.70255088,-73.98940236,467,Dean St & 4 Ave,40.68312489,-73.97895137,20535,Subscriber,1978,1
462,1/8/2015 15:27,1/8/2015 15:35,212,W 16 St & The High Line,40.74334935,-74.00681753,458,11 Ave & W 27 St,40.751396,-74.005226,14710,Subscriber,1986,2
285,1/8/2015 17:11,1/8/2015 17:16,327,Vesey Pl & River Terrace,40.7153379,-74.01658354,146,Hudson St & Reade St,40.71625008,-74.0091059,20379,Subscriber,1962,1
957,1/8/2015 18:12,1/8/2015 18:28,248,Laight St & Hudson St,40.72185379,-74.00771779,248,Laight St & Hudson St,40.72185379,-74.00771779,21614,Subscriber,1981,2
370,1/8/2015 19:23,1/8/2015 19:29,229,Great Jones St,40.72743423,-73.99379025,326,E 11 St & 1 Ave,40.72953837,-73.98426726,15736,Subscriber,1985,1
672,1/8/2015 22:17,1/8/2015 22:29,368,Carmine St & 6 Ave,40.73038599,-74.00214988,531,Forsyth St & Broome St,40.71893904,-73.99266288,14692,Subscriber,1982,1
1850,1/9/2015 7:49,1/9/2015 8:20,514,12 Ave & W 40 St,40.76087502,-74.00277668,2008,Little West St & 1 Pl,40.70569254,-74.01677685,18111,Subscriber,1973,1
693,1/9/2015 10:59,1/9/2015 11:11,509,9 Ave & W 22 St,40.7454973,-74.00197139,486,Broadway & W 29 St,40.7462009,-73.98855723,15961,Subscriber,1970,1
650,1/9/2015 14:03,1/9/2015 14:14,464,E 56 St & 3 Ave,40.75934501,-73.96759673,526,E 33 St & 5 Ave,40.74765947,-73.98490707,14924,Subscriber,1950,1
601,1/9/2015 16:02,1/9/2015 16:12,174,E 25 St & 1 Ave,40.7381765,-73.97738662,476,E 31 St & 3 Ave,40.74394314,-73.97966069,19027,Subscriber,1974,2
620,1/9/2015 17:17,1/9/2015 17:28,468,Broadway & W 55 St,40.7652654,-73.98192338,521,8 Ave & W 31 St,40.75044999,-73.99481051,20193,Subscriber,1973,1
994,1/9/2015 18:18,1/9/2015 18:35,441,E 52 St & 2 Ave,40.756014,-73.967416,511,E 14 St & Avenue B,40.72938685,-73.97772429,18207,Subscriber,1984,1
485,1/9/2015 19:33,1/9/2015 19:41,308,St James Pl & Oliver St,40.71307916,-73.99851193,250,Lafayette St & Jersey St,40.72456089,-73.99565293,20240,Subscriber,1978,2
396,1/9/2015 23:03,1/9/2015 23:10,401,Allen St & Rivington St,40.72019576,-73.98997825,300,Shevchenko Pl & E 7 St,40.728145,-73.990214,16490,Subscriber,1984,2
411,1/10/2015 9:58,1/10/2015 10:05,250,Lafayette St & Jersey St,40.72456089,-73.99565293,475,E 16 St & Irving Pl,40.73524276,-73.98758561,14585,Subscriber,1982,1
256,1/10/2015 12:13,1/10/2015 12:18,499,Broadway & W 60 St,40.76915505,-73.98191841,2006,Central Park S & 6 Ave,40.76590936,-73.97634151,18891,Subscriber,1985,1
211,1/10/2015 14:03,1/10/2015 14:06,402,Broadway & E 22 St,40.7403432,-73.98955109,435,W 21 St & 6 Ave,40.74173969,-73.99415556,20040,Subscriber,1966,1
601,1/10/2015 15:53,1/10/2015 16:03,487,E 20 St & FDR Drive,40.73314259,-73.97573881,160,E 37 St & Lexington Ave,40.748238,-73.978311,20748,Subscriber,1986,1
250,1/10/2015 18:00,1/10/2015 18:04,499,Broadway & W 60 St,40.76915505,-73.98191841,281,Grand Army Plaza & Central Park S,40.7643971,-73.97371465,17435,Subscriber,1972,1
368,1/10/2015 22:22,1/10/2015 22:28,2021,W 45 St & 8 Ave,40.75929124,-73.98859651,490,8 Ave & W 33 St,40.751551,-73.993934,16047,Subscriber,1972,1
366,1/11/2015 9:58,1/11/2015 10:04,195,Liberty St & Broadway,40.70905623,-74.01043382,2008,Little West St & 1 Pl,40.70569254,-74.01677685,18866,Subscriber,1958,1
208,1/11/2015 12:03,1/11/2015 12:07,307,Canal St & Rutgers St,40.71427487,-73.98990025,296,Division St & Bowery,40.71413089,-73.9970468,17548,Subscriber,1982,1
1189,1/11/2015 13:38,1/11/2015 13:58,2010,Grand St & Greene St,40.72165481,-74.00234737,2010,Grand St & Greene St,40.72165481,-74.00234737,20541,Subscriber,1987,1
529,1/11/2015 15:12,1/11/2015 15:21,270,Adelphi St & Myrtle Ave,40.69308257,-73.97178913,430,York St & Jay St,40.7014851,-73.98656928,19321,Subscriber,1974,2
1346,1/11/2015 16:41,1/11/2015 17:03,457,Broadway & W 58 St,40.76695317,-73.98169333,489,10 Ave & W 28 St,40.75066386,-74.00176802,15275,Subscriber,1984,1
1705,1/11/2015 18:16,1/11/2015 18:45,454,E 51 St & 1 Ave,40.75455731,-73.96592976,509,9 Ave & W 22 St,40.7454973,-74.00197139,20538,Subscriber,1985,1
1128,1/11/2015 20:42,1/11/2015 21:00,546,E 30 St & Park Ave S,40.74444921,-73.98303529,127,Barrow St & Hudson St,40.73172428,-74.00674436,19377,Customer,,0
245,1/12/2015 6:16,1/12/2015 6:20,383,Greenwich Ave & Charles St,40.735238,-74.000271,293,Lafayette St & E 8 St,40.73028666,-73.9907647,19040,Subscriber,1966,1
848,1/12/2015 8:02,1/12/2015 8:16,458,11 Ave & W 27 St,40.751396,-74.005226,472,E 32 St & Park Ave,40.7457121,-73.98194829,17110,Subscriber,1959,1
1352,1/12/2015 9:29,1/12/2015 9:51,460,S 4 St & Wythe Ave,40.71285887,-73.96590294,2004,6 Ave & Broome St,40.724399,-74.004704,18529,Subscriber,1975,1
721,1/12/2015 15:42,1/12/2015 15:54,450,W 49 St & 8 Ave,40.76227205,-73.98788205,442,W 27 St & 7 Ave,40.746647,-73.993915,14650,Subscriber,1974,1
1173,1/12/2015 17:27,1/12/2015 17:47,305,E 58 St & 3 Ave,40.76095756,-73.96724467,498,Broadway & W 32 St,40.74854862,-73.98808416,21326,Subscriber,1987,1
241,1/12/2015 18:13,1/12/2015 18:17,433,E 13 St & Avenue A,40.72955361,-73.98057249,339,Avenue D & E 12 St,40.72580614,-73.97422494,15273,Subscriber,1998,1
158,1/12/2015 18:59,1/12/2015 19:02,417,Barclay St & Church St,40.71291224,-74.01020234,330,Reade St & Broadway,40.71450451,-74.00562789,21246,Subscriber,1990,1
712,1/12/2015 20:08,1/12/2015 20:20,250,Lafayette St & Jersey St,40.72456089,-73.99565293,475,E 16 St & Irving Pl,40.73524276,-73.98758561,19624,Subscriber,1978,1
860,1/12/2015 22:37,1/12/2015 22:52,498,Broadway & W 32 St,40.74854862,-73.98808416,251,Mott St & Prince St,40.72317958,-73.99480012,18253,Subscriber,1983,1
744,1/13/2015 6:54,1/13/2015 7:07,488,W 39 St & 9 Ave,40.75645824,-73.99372222,404,9 Ave & W 14 St,40.7405826,-74.00550867,15225,Subscriber,1954,1
284,1/13/2015 8:00,1/13/2015 8:04,284,Greenwich Ave & 8 Ave,40.73901691,-74.00263761,127,Barrow St & Hudson St,40.73172428,-74.00674436,17999,Subscriber,1982,1
193,1/13/2015 8:42,1/13/2015 8:45,470,W 20 St & 8 Ave,40.74345335,-74.00004031,435,W 21 St & 6 Ave,40.74173969,-73.99415556,16693,Subscriber,1982,2
299,1/13/2015 9:21,1/13/2015 9:26,465,Broadway & W 41 St,40.75513557,-73.98658032,486,Broadway & W 29 St,40.7462009,-73.98855723,19636,Subscriber,1967,1
599,1/13/2015 10:44,1/13/2015 10:54,361,Allen St & Hester St,40.71605866,-73.99190759,504,1 Ave & E 15 St,40.73221853,-73.98165557,20512,Subscriber,1976,1
541,1/13/2015 12:52,1/13/2015 13:01,195,Liberty St & Broadway,40.70905623,-74.01043382,329,Greenwich St & N Moore St,40.72043411,-74.01020609,20961,Subscriber,1974,2
383,1/13/2015 14:49,1/13/2015 14:55,306,Cliff St & Fulton St,40.70823502,-74.00530063,415,Pearl St & Hanover Square,40.7047177,-74.00926027,18081,Subscriber,1954,2
1086,1/13/2015 16:29,1/13/2015 16:47,505,6 Ave & W 33 St,40.74901271,-73.98848395,513,W 56 St & 10 Ave,40.768254,-73.988639,20699,Subscriber,1955,1
389,1/13/2015 17:29,1/13/2015 17:36,173,Broadway & W 49 St,40.76064679,-73.98442659,492,W 33 St & 7 Ave,40.75019995,-73.99093085,21404,Subscriber,1970,1
498,1/13/2015 18:13,1/13/2015 18:21,229,Great Jones St,40.72743423,-73.99379025,349,Rivington St & Ridge St,40.71850211,-73.98329859,19583,Subscriber,1986,1
908,1/13/2015 19:03,1/13/2015 19:18,212,W 16 St & The High Line,40.74334935,-74.00681753,417,Barclay St & Church St,40.71291224,-74.01020234,19653,Subscriber,1960,1
343,1/13/2015 20:25,1/13/2015 20:30,402,Broadway & E 22 St,40.7403432,-73.98955109,379,W 31 St & 7 Ave,40.749156,-73.9916,17409,Subscriber,1984,1
341,1/14/2015 0:31,1/14/2015 0:36,438,St Marks Pl & 1 Ave,40.72779126,-73.98564945,410,Suffolk St & Stanton St,40.72066442,-73.98517977,18288,Subscriber,1976,2
348,1/14/2015 7:33,1/14/2015 7:39,519,Pershing Square North,40.751873,-73.977706,498,Broadway & W 32 St,40.74854862,-73.98808416,20796,Subscriber,1972,1
337,1/14/2015 8:26,1/14/2015 8:32,426,West St & Chambers St,40.71754834,-74.01322069,387,Centre St & Chambers St,40.71273266,-74.0046073,16612,Subscriber,1983,1
919,1/14/2015 9:06,1/14/2015 9:22,501,FDR Drive & E 35 St,40.744219,-73.97121214,510,W 51 St & 6 Ave,40.7606597,-73.98042047,18772,Subscriber,1991,1
538,1/14/2015 10:18,1/14/2015 10:27,301,E 2 St & Avenue B,40.72217444,-73.98368779,483,E 12 St & 3 Ave,40.73223272,-73.98889957,17107,Subscriber,1986,2
835,1/14/2015 12:25,1/14/2015 12:39,309,Murray St & West St,40.7149787,-74.013012,263,Elizabeth St & Hester St,40.71729,-73.996375,20542,Subscriber,1983,1
1526,1/14/2015 14:21,1/14/2015 14:46,224,Spruce St & Nassau St,40.71146364,-74.00552427,435,W 21 St & 6 Ave,40.74173969,-73.99415556,19957,Subscriber,1975,1
573,1/14/2015 15:57,1/14/2015 16:06,493,W 45 St & 6 Ave,40.7568001,-73.98291153,521,8 Ave & W 31 St,40.75044999,-73.99481051,14598,Subscriber,1968,1
536,1/14/2015 17:09,1/14/2015 17:18,523,W 38 St & 8 Ave,40.75466591,-73.99138152,334,W 20 St & 7 Ave,40.74238787,-73.99726235,19776,Subscriber,1958,1
1958,1/14/2015 17:55,1/14/2015 18:28,228,E 48 St & 3 Ave,40.7546011,-73.97187886,401,Allen St & Rivington St,40.72019576,-73.98997825,17181,Subscriber,1984,1
1327,1/14/2015 18:32,1/14/2015 18:54,2004,6 Ave & Broome St,40.724399,-74.004704,536,1 Ave & E 30 St,40.74144387,-73.97536082,16442,Subscriber,1978,1
537,1/14/2015 19:22,1/14/2015 19:31,116,W 17 St & 8 Ave,40.74177603,-74.00149746,334,W 20 St & 7 Ave,40.74238787,-73.99726235,14672,Subscriber,1975,1
564,1/14/2015 20:47,1/14/2015 20:56,350,Clinton St & Grand St,40.71559509,-73.9870295,236,St Marks Pl & 2 Ave,40.7284186,-73.98713956,15837,Subscriber,1979,2
584,1/15/2015 0:14,1/15/2015 0:23,403,E 2 St & 2 Ave,40.72502876,-73.99069656,507,E 25 St & 2 Ave,40.73912601,-73.97973776,16897,Subscriber,1976,1
613,1/15/2015 7:21,1/15/2015 7:31,530,11 Ave & W 59 St,40.771522,-73.990541,520,W 52 St & 5 Ave,40.75992262,-73.97648516,17621,Subscriber,1982,1
537,1/15/2015 8:14,1/15/2015 8:23,521,8 Ave & W 31 St,40.75044999,-73.99481051,352,W 56 St & 6 Ave,40.76340613,-73.97722479,19619,Subscriber,1976,1
206,1/15/2015 8:50,1/15/2015 8:53,295,Pike St & E Broadway,40.71406667,-73.99293911,268,Howard St & Centre St,40.71910537,-73.99973337,19760,Subscriber,1982,1
627,1/15/2015 9:32,1/15/2015 9:43,379,W 31 St & 7 Ave,40.749156,-73.9916,519,Pershing Square North,40.751873,-73.977706,17375,Subscriber,1963,1
225,1/15/2015 11:02,1/15/2015 11:05,416,Cumberland St & Lafayette Ave,40.68753406,-73.97265183,419,Carlton Ave & Park Ave,40.69580705,-73.97355569,19524,Subscriber,1978,1
599,1/15/2015 12:53,1/15/2015 13:03,173,Broadway & W 49 St,40.76064679,-73.98442659,164,E 47 St & 2 Ave,40.75323098,-73.97032517,21075,Subscriber,1988,2
1552,1/15/2015 14:31,1/15/2015 14:57,167,E 39 St & 3 Ave,40.7489006,-73.97604882,224,Spruce St & Nassau St,40.71146364,-74.00552427,14663,Subscriber,1987,1
467,1/15/2015 16:00,1/15/2015 16:08,335,Washington Pl & Broadway,40.72903917,-73.99404649,127,Barrow St & Hudson St,40.73172428,-74.00674436,14671,Subscriber,1995,1
291,1/15/2015 17:05,1/15/2015 17:10,491,E 24 St & Park Ave S,40.74096374,-73.98602213,379,W 31 St & 7 Ave,40.749156,-73.9916,18496,Subscriber,1975,1
775,1/15/2015 17:49,1/15/2015 18:02,537,Lexington Ave & E 24 St,40.74025878,-73.98409214,477,W 41 St & 8 Ave,40.75640548,-73.9900262,19849,Subscriber,1949,2
447,1/15/2015 18:29,1/15/2015 18:36,293,Lafayette St & E 8 St,40.73028666,-73.9907647,410,Suffolk St & Stanton St,40.72066442,-73.98517977,20165,Subscriber,1987,1
381,1/15/2015 19:19,1/15/2015 19:25,497,E 17 St & Broadway,40.73704984,-73.99009296,511,E 14 St & Avenue B,40.72938685,-73.97772429,18772,Subscriber,1984,1
199,1/15/2015 20:45,1/15/2015 20:48,391,Clark St & Henry St,40.69760127,-73.99344559,157,Henry St & Atlantic Ave,40.69089272,-73.99612349,19765,Subscriber,1980,1
430,1/16/2015 0:15,1/16/2015 0:22,323,Lawrence St & Willoughby St,40.69236178,-73.98631746,157,Henry St & Atlantic Ave,40.69089272,-73.99612349,16787,Subscriber,1977,1
1193,1/16/2015 7:26,1/16/2015 7:46,2008,Little West St & 1 Pl,40.70569254,-74.01677685,263,Elizabeth St & Hester St,40.71729,-73.996375,18096,Subscriber,1982,1
443,1/16/2015 8:17,1/16/2015 8:25,237,E 11 St & 2 Ave,40.73047309,-73.98672378,402,Broadway & E 22 St,40.7403432,-73.98955109,17261,Subscriber,1988,1
623,1/16/2015 8:52,1/16/2015 9:03,127,Barrow St & Hudson St,40.73172428,-74.00674436,521,8 Ave & W 31 St,40.75044999,-73.99481051,17165,Subscriber,1952,1
403,1/16/2015 9:33,1/16/2015 9:40,250,Lafayette St & Jersey St,40.72456089,-73.99565293,285,Broadway & E 14 St,40.73454567,-73.99074142,20839,Subscriber,1967,1
317,1/16/2015 10:56,1/16/2015 11:01,402,Broadway & E 22 St,40.7403432,-73.98955109,526,E 33 St & 5 Ave,40.74765947,-73.98490707,17562,Subscriber,1973,1
741,1/16/2015 12:38,1/16/2015 12:50,528,2 Ave & E 31 St,40.74290902,-73.97706058,394,E 9 St & Avenue C,40.72521311,-73.97768752,20263,Subscriber,1990,2
952,1/16/2015 14:02,1/16/2015 14:18,499,Broadway & W 60 St,40.76915505,-73.98191841,382,University Pl & E 14 St,40.73492695,-73.99200509,15003,Subscriber,1990,1
224,1/16/2015 15:17,1/16/2015 15:21,254,W 11 St & 6 Ave,40.73532427,-73.99800419,496,E 16 St & 5 Ave,40.73726186,-73.99238967,17871,Subscriber,1956,1
619,1/16/2015 16:24,1/16/2015 16:34,281,Grand Army Plaza & Central Park S,40.7643971,-73.97371465,167,E 39 St & 3 Ave,40.7489006,-73.97604882,18130,Subscriber,1981,1
649,1/16/2015 17:13,1/16/2015 17:24,500,Broadway & W 51 St,40.76228826,-73.98336183,514,12 Ave & W 40 St,40.76087502,-74.00277668,20605,Subscriber,1971,1
862,1/16/2015 17:58,1/16/2015 18:12,167,E 39 St & 3 Ave,40.7489006,-73.97604882,432,E 7 St & Avenue A,40.72621788,-73.98379855,19575,Subscriber,1973,1
427,1/16/2015 18:48,1/16/2015 18:55,533,Broadway & W 39 St,40.75299641,-73.98721619,520,W 52 St & 5 Ave,40.75992262,-73.97648516,15769,Subscriber,1989,1
1109,1/16/2015 20:24,1/16/2015 20:42,472,E 32 St & Park Ave,40.7457121,-73.98194829,251,Mott St & Prince St,40.72317958,-73.99480012,18081,Subscriber,1966,1
489,1/17/2015 5:19,1/17/2015 5:27,405,Washington St & Gansevoort St,40.739323,-74.008119,521,8 Ave & W 31 St,40.75044999,-73.99481051,14716,Subscriber,1973,1
513,1/17/2015 10:34,1/17/2015 10:43,336,Sullivan St & Washington Sq,40.73047747,-73.99906065,301,E 2 St & Avenue B,40.72217444,-73.98368779,19078,Subscriber,1975,2
652,1/17/2015 12:25,1/17/2015 12:36,297,E 15 St & 3 Ave,40.734232,-73.986923,540,Lexington Ave & E 26 St,40.74147286,-73.98320928,16483,Subscriber,1964,2
813,1/17/2015 13:57,1/17/2015 14:11,267,Broadway & W 36 St,40.75097711,-73.98765428,447,8 Ave & W 52 St,40.76370739,-73.9851615,17189,Subscriber,1986,1
972,1/17/2015 15:24,1/17/2015 15:40,478,11 Ave & W 41 St,40.76030096,-73.99884222,478,11 Ave & W 41 St,40.76030096,-73.99884222,14891,Subscriber,1977,1
610,1/17/2015 16:52,1/17/2015 17:02,511,E 14 St & Avenue B,40.72938685,-73.97772429,527,E 33 St & 2 Ave,40.744023,-73.976056,21593,Subscriber,1989,1
940,1/17/2015 18:51,1/17/2015 19:07,326,E 11 St & 1 Ave,40.72953837,-73.98426726,334,W 20 St & 7 Ave,40.74238787,-73.99726235,20734,Subscriber,1959,2
260,1/17/2015 22:43,1/17/2015 22:48,396,Lefferts Pl & Franklin Ave,40.68034242,-73.95576894,364,Lafayette Ave & Classon Ave,40.68900443,-73.96023854,19549,Subscriber,1971,1
368,1/18/2015 13:40,1/18/2015 13:47,212,W 16 St & The High Line,40.74334935,-74.00681753,168,W 18 St & 6 Ave,40.73971301,-73.99456405,20958,Subscriber,1985,2
172,1/19/2015 0:23,1/19/2015 0:26,325,E 19 St & 3 Ave,40.73624527,-73.98473765,2003,1 Ave & E 18 St,40.73416059,-73.98024289,21500,Subscriber,1966,1
427,1/19/2015 8:40,1/19/2015 8:47,526,E 33 St & 5 Ave,40.74765947,-73.98490707,507,E 25 St & 2 Ave,40.73912601,-73.97973776,16640,Subscriber,1986,1
586,1/19/2015 10:10,1/19/2015 10:20,348,W Broadway & Spring St,40.72490985,-74.00154702,382,University Pl & E 14 St,40.73492695,-73.99200509,14823,Subscriber,1986,1
359,1/19/2015 11:55,1/19/2015 12:01,538,E 48 St & Madison Ave,40.75666,-73.976684,465,Broadway & W 41 St,40.75513557,-73.98658032,15268,Subscriber,1970,1
327,1/19/2015 13:19,1/19/2015 13:24,157,Henry St & Atlantic Ave,40.69089272,-73.99612349,391,Clark St & Henry St,40.69760127,-73.99344559,19995,Subscriber,1980,1
1614,1/19/2015 14:36,1/19/2015 15:03,472,E 32 St & Park Ave,40.7457121,-73.98194829,472,E 32 St & Park Ave,40.7457121,-73.98194829,16949,Subscriber,1976,2
972,1/19/2015 15:54,1/19/2015 16:10,509,9 Ave & W 22 St,40.7454973,-74.00197139,499,Broadway & W 60 St,40.76915505,-73.98191841,18081,Subscriber,1962,1
619,1/19/2015 17:06,1/19/2015 17:16,426,West St & Chambers St,40.71754834,-74.01322069,387,Centre St & Chambers St,40.71273266,-74.0046073,14872,Subscriber,1971,2
308,1/19/2015 18:14,1/19/2015 18:19,497,E 17 St & Broadway,40.73704984,-73.99009296,223,W 13 St & 7 Ave,40.73781509,-73.99994661,19836,Subscriber,1984,1
370,1/19/2015 19:23,1/19/2015 19:30,304,Broadway & Battery Pl,40.70463334,-74.01361706,195,Liberty St & Broadway,40.70905623,-74.01043382,17107,Subscriber,1985,1
300,1/19/2015 21:23,1/19/2015 21:28,439,E 4 St & 2 Ave,40.7262807,-73.98978041,504,1 Ave & E 15 St,40.73221853,-73.98165557,18531,Subscriber,1982,1
357,1/20/2015 6:12,1/20/2015 6:18,441,E 52 St & 2 Ave,40.756014,-73.967416,510,W 51 St & 6 Ave,40.7606597,-73.98042047,16272,Subscriber,1978,1
720,1/20/2015 7:36,1/20/2015 7:48,505,6 Ave & W 33 St,40.74901271,-73.98848395,305,E 58 St & 3 Ave,40.76095756,-73.96724467,17420,Subscriber,1966,1
313,1/20/2015 8:18,1/20/2015 8:23,379,W 31 St & 7 Ave,40.749156,-73.9916,546,E 30 St & Park Ave S,40.74444921,-73.98303529,15896,Subscriber,1971,1
623,1/20/2015 8:51,1/20/2015 9:01,448,W 37 St & 10 Ave,40.75660359,-73.9979009,444,Broadway & W 24 St,40.7423543,-73.98915076,20734,Subscriber,1969,2
784,1/20/2015 9:29,1/20/2015 9:42,521,8 Ave & W 31 St,40.75044999,-73.99481051,352,W 56 St & 6 Ave,40.76340613,-73.97722479,17204,Subscriber,1965,1
458,1/20/2015 10:49,1/20/2015 10:57,261,Johnson St & Gold St,40.69474881,-73.98362464,467,Dean St & 4 Ave,40.68312489,-73.97895137,18866,Subscriber,1985,1
251,1/20/2015 12:30,1/20/2015 12:34,225,W 14 St & The High Line,40.74195138,-74.00803013,116,W 17 St & 8 Ave,40.74177603,-74.00149746,15961,Subscriber,1968,1
130,1/20/2015 14:01,1/20/2015 14:04,472,E 32 St & Park Ave,40.7457121,-73.98194829,540,Lexington Ave & E 26 St,40.74147286,-73.98320928,18379,Subscriber,1955,1
792,1/20/2015 15:25,1/20/2015 15:38,405,Washington St & Gansevoort St,40.739323,-74.008119,147,Greenwich St & Warren St,40.71542197,-74.01121978,18718,Subscriber,1976,1
513,1/20/2015 16:34,1/20/2015 16:43,167,E 39 St & 3 Ave,40.7489006,-73.97604882,488,W 39 St & 9 Ave,40.75645824,-73.99372222,17517,Subscriber,1982,1
888,1/20/2015 17:19,1/20/2015 17:34,475,E 16 St & Irving Pl,40.73524276,-73.98758561,521,8 Ave & W 31 St,40.75044999,-73.99481051,20513,Subscriber,1955,1
512,1/20/2015 17:53,1/20/2015 18:02,520,W 52 St & 5 Ave,40.75992262,-73.97648516,526,E 33 St & 5 Ave,40.74765947,-73.98490707,19428,Subscriber,1963,1
306,1/20/2015 18:23,1/20/2015 18:28,496,E 16 St & 5 Ave,40.73726186,-73.99238967,368,Carmine St & 6 Ave,40.73038599,-74.00214988,16947,Subscriber,1985,1
962,1/20/2015 19:03,1/20/2015 19:19,2002,Wythe Ave & Metropolitan Ave,40.716887,-73.963198,265,Stanton St & Chrystie St,40.72229346,-73.99147535,19308,Subscriber,1969,1
960,1/20/2015 20:00,1/20/2015 20:16,503,E 20 St & Park Ave,40.73827428,-73.98751968,502,Henry St & Grand St,40.714215,-73.981346,20190,Subscriber,1974,1
326,1/20/2015 21:34,1/20/2015 21:39,529,W 42 St & 8 Ave,40.7575699,-73.99098507,515,W 43 St & 10 Ave,40.76009437,-73.99461843,17920,Subscriber,1988,1
230,1/21/2015 6:06,1/21/2015 6:10,521,8 Ave & W 31 St,40.75044999,-73.99481051,458,11 Ave & W 27 St,40.751396,-74.005226,16282,Subscriber,1960,1
256,1/21/2015 7:34,1/21/2015 7:38,517,Pershing Square South,40.751581,-73.97791,472,E 32 St & Park Ave,40.7457121,-73.98194829,20371,Subscriber,1956,1
307,1/21/2015 8:17,1/21/2015 8:22,379,W 31 St & 7 Ave,40.749156,-73.9916,466,W 25 St & 6 Ave,40.74395411,-73.99144871,14835,Subscriber,1985,1
998,1/21/2015 8:49,1/21/2015 9:06,526,E 33 St & 5 Ave,40.74765947,-73.98490707,347,W Houston St & Hudson St,40.72873888,-74.00748842,16345,Subscriber,1972,1
347,1/21/2015 9:27,1/21/2015 9:33,484,W 44 St & 5 Ave,40.75500254,-73.98014437,137,E 56 St & Madison Ave,40.761628,-73.972924,18248,Subscriber,1976,1
806,1/21/2015 10:45,1/21/2015 10:58,484,W 44 St & 5 Ave,40.75500254,-73.98014437,489,10 Ave & W 28 St,40.75066386,-74.00176802,19882,Subscriber,1954,1
692,1/21/2015 12:39,1/21/2015 12:50,347,W Houston St & Hudson St,40.72873888,-74.00748842,346,Bank St & Hudson St,40.73652889,-74.00618026,15009,Subscriber,1973,2
555,1/21/2015 14:15,1/21/2015 14:25,536,1 Ave & E 30 St,40.74144387,-73.97536082,492,W 33 St & 7 Ave,40.75019995,-73.99093085,16210,Subscriber,1980,1
632,1/21/2015 15:42,1/21/2015 15:52,359,E 47 St & Park Ave,40.75510267,-73.97498696,477,W 41 St & 8 Ave,40.75640548,-73.9900262,14958,Subscriber,1965,2
295,1/21/2015 16:50,1/21/2015 16:55,510,W 51 St & 6 Ave,40.7606597,-73.98042047,359,E 47 St & Park Ave,40.75510267,-73.97498696,18762,Subscriber,1979,1
729,1/21/2015 17:32,1/21/2015 17:44,488,W 39 St & 9 Ave,40.75645824,-73.99372222,435,W 21 St & 6 Ave,40.74173969,-73.99415556,17042,Subscriber,1967,1
698,1/21/2015 18:08,1/21/2015 18:20,318,E 43 St & Vanderbilt Ave,40.75320159,-73.9779874,461,E 20 St & 2 Ave,40.73587678,-73.98205027,21125,Subscriber,1987,2
630,1/21/2015 18:45,1/21/2015 18:55,401,Allen St & Rivington St,40.72019576,-73.98997825,504,1 Ave & E 15 St,40.73221853,-73.98165557,16652,Subscriber,1972,1
3641,1/21/2015 19:39,1/21/2015 20:40,490,8 Ave & W 33 St,40.751551,-73.993934,342,Columbia St & Rivington St,40.71739973,-73.98016555,15417,Subscriber,1985,2
387,1/21/2015 21:11,1/21/2015 21:18,147,Greenwich St & Warren St,40.71542197,-74.01121978,3002,South End Ave & Liberty St,40.711512,-74.015756,17694,Subscriber,1979,1
167,1/22/2015 4:10,1/22/2015 4:13,160,E 37 St & Lexington Ave,40.748238,-73.978311,501,FDR Drive & E 35 St,40.744219,-73.97121214,19481,Subscriber,1993,1
799,1/22/2015 7:28,1/22/2015 7:41,530,11 Ave & W 59 St,40.771522,-73.990541,484,W 44 St & 5 Ave,40.75500254,-73.98014437,16200,Subscriber,1977,1
1114,1/22/2015 8:14,1/22/2015 8:33,379,W 31 St & 7 Ave,40.749156,-73.9916,520,W 52 St & 5 Ave,40.75992262,-73.97648516,14979,Subscriber,1958,1
944,1/22/2015 8:46,1/22/2015 9:02,428,E 3 St & 1 Ave,40.72467721,-73.98783413,315,South St & Gouverneur Ln,40.70355377,-74.00670227,20712,Subscriber,1990,1
762,1/22/2015 9:22,1/22/2015 9:35,167,E 39 St & 3 Ave,40.7489006,-73.97604882,450,W 49 St & 8 Ave,40.76227205,-73.98788205,18157,Subscriber,1974,1
612,1/22/2015 10:25,1/22/2015 10:36,368,Carmine St & 6 Ave,40.73038599,-74.00214988,459,W 20 St & 11 Ave,40.746745,-74.007756,16300,Subscriber,1965,1
974,1/22/2015 12:12,1/22/2015 12:28,531,Forsyth St & Broome St,40.71893904,-73.99266288,461,E 20 St & 2 Ave,40.73587678,-73.98205027,16077,Subscriber,1967,1
4711,1/22/2015 13:45,1/22/2015 15:03,531,Forsyth St & Broome St,40.71893904,-73.99266288,531,Forsyth St & Broome St,40.71893904,-73.99266288,18847,Subscriber,1994,1
964,1/22/2015 15:15,1/22/2015 15:31,512,W 29 St & 9 Ave,40.7500727,-73.99839279,285,Broadway & E 14 St,40.73454567,-73.99074142,21562,Subscriber,1992,1
996,1/22/2015 16:29,1/22/2015 16:46,546,E 30 St & Park Ave S,40.74444921,-73.98303529,254,W 11 St & 6 Ave,40.73532427,-73.99800419,15409,Subscriber,1967,1
348,1/22/2015 17:15,1/22/2015 17:21,313,Washington Ave & Park Ave,40.69610226,-73.96751037,275,Washington Ave & Greene Ave,40.68650065,-73.96563307,16147,Subscriber,1979,1
943,1/22/2015 17:51,1/22/2015 18:07,2008,Little West St & 1 Pl,40.70569254,-74.01677685,254,W 11 St & 6 Ave,40.73532427,-73.99800419,21588,Subscriber,1970,1
367,1/22/2015 18:25,1/22/2015 18:31,428,E 3 St & 1 Ave,40.72467721,-73.98783413,487,E 20 St & FDR Drive,40.73314259,-73.97573881,15829,Subscriber,1988,1
1349,1/22/2015 19:07,1/22/2015 19:30,441,E 52 St & 2 Ave,40.756014,-73.967416,349,Rivington St & Ridge St,40.71850211,-73.98329859,18766,Subscriber,1979,1
505,1/22/2015 20:06,1/22/2015 20:15,328,Watts St & Greenwich St,40.72405549,-74.00965965,3002,South End Ave & Liberty St,40.711512,-74.015756,16572,Subscriber,1983,2
629,1/22/2015 21:55,1/22/2015 22:05,497,E 17 St & Broadway,40.73704984,-73.99009296,432,E 7 St & Avenue A,40.72621788,-73.98379855,14532,Subscriber,1954,1
577,1/23/2015 6:17,1/23/2015 6:27,238,Bank St & Washington St,40.7361967,-74.00859207,327,Vesey Pl & River Terrace,40.7153379,-74.01658354,19296,Subscriber,1974,1
409,1/23/2015 7:44,1/23/2015 7:51,290,2 Ave & E 58 St,40.76020258,-73.96478473,455,1 Ave & E 44 St,40.75001986,-73.96905301,21329,Subscriber,1973,1
531,1/23/2015 8:25,1/23/2015 8:34,340,Madison St & Clinton St,40.71269042,-73.98776323,315,South St & Gouverneur Ln,40.70355377,-74.00670227,19289,Subscriber,1990,2
501,1/23/2015 8:57,1/23/2015 9:05,116,W 17 St & 8 Ave,40.74177603,-74.00149746,497,E 17 St & Broadway,40.73704984,-73.99009296,16311,Subscriber,1974,1
541,1/23/2015 9:40,1/23/2015 9:49,394,E 9 St & Avenue C,40.72521311,-73.97768752,497,E 17 St & Broadway,40.73704984,-73.99009296,18964,Subscriber,1979,1
376,1/23/2015 11:08,1/23/2015 11:14,284,Greenwich Ave & 8 Ave,40.73901691,-74.00263761,435,W 21 St & 6 Ave,40.74173969,-73.99415556,16270,Subscriber,1980,1
587,1/23/2015 12:43,1/23/2015 12:52,2004,6 Ave & Broome St,40.724399,-74.004704,312,Allen St & E Houston St,40.722055,-73.989111,17113,Subscriber,1967,1
292,1/23/2015 14:03,1/23/2015 14:08,233,Joralemon St & Adams St,40.69246277,-73.98963911,398,Atlantic Ave & Furman St,40.69165183,-73.9999786,16307,Subscriber,1975,1
453,1/23/2015 15:09,1/23/2015 15:17,477,W 41 St & 8 Ave,40.75640548,-73.9900262,442,W 27 St & 7 Ave,40.746647,-73.993915,20352,Subscriber,1975,1
655,1/23/2015 16:14,1/23/2015 16:25,428,E 3 St & 1 Ave,40.72467721,-73.98783413,536,1 Ave & E 30 St,40.74144387,-73.97536082,16709,Subscriber,1979,1
131,1/23/2015 17:01,1/23/2015 17:04,293,Lafayette St & E 8 St,40.73028666,-73.9907647,438,St Marks Pl & 1 Ave,40.72779126,-73.98564945,15858,Subscriber,1983,1
580,1/23/2015 17:38,1/23/2015 17:48,284,Greenwich Ave & 8 Ave,40.73901691,-74.00263761,161,LaGuardia Pl & W 3 St,40.72917025,-73.99810231,19000,Subscriber,1974,1
529,1/23/2015 18:17,1/23/2015 18:26,348,W Broadway & Spring St,40.72490985,-74.00154702,300,Shevchenko Pl & E 7 St,40.728145,-73.990214,21318,Subscriber,1981,2
788,1/23/2015 19:04,1/23/2015 19:17,536,1 Ave & E 30 St,40.74144387,-73.97536082,161,LaGuardia Pl & W 3 St,40.72917025,-73.99810231,19082,Subscriber,1956,1
352,1/23/2015 20:19,1/23/2015 20:25,496,E 16 St & 5 Ave,40.73726186,-73.99238967,434,9 Ave & W 18 St,40.74317449,-74.00366443,21256,Subscriber,1979,1
1087,1/23/2015 23:04,1/23/2015 23:22,147,Greenwich St & Warren St,40.71542197,-74.01121978,334,W 20 St & 7 Ave,40.74238787,-73.99726235,21309,Subscriber,1964,1
302,1/24/2015 11:23,1/24/2015 11:28,405,Washington St & Gansevoort St,40.739323,-74.008119,127,Barrow St & Hudson St,40.73172428,-74.00674436,15650,Subscriber,1981,1
359,1/24/2015 14:31,1/24/2015 14:37,533,Broadway & W 39 St,40.75299641,-73.98721619,472,E 32 St & Park Ave,40.7457121,-73.98194829,16521,Subscriber,1977,1
129,1/24/2015 16:53,1/24/2015 16:55,402,Broadway & E 22 St,40.7403432,-73.98955109,497,E 17 St & Broadway,40.73704984,-73.99009296,14696,Subscriber,1982,1
355,1/24/2015 19:27,1/24/2015 19:33,476,E 31 St & 3 Ave,40.74394314,-73.97966069,379,W 31 St & 7 Ave,40.749156,-73.9916,15836,Subscriber,1986,1
182,1/24/2015 23:50,1/24/2015 23:53,2002,Wythe Ave & Metropolitan Ave,40.716887,-73.963198,460,S 4 St & Wythe Ave,40.71285887,-73.96590294,19636,Subscriber,1982,1
592,1/25/2015 9:44,1/25/2015 9:54,128,MacDougal St & Prince St,40.72710258,-74.00297088,435,W 21 St & 6 Ave,40.74173969,-73.99415556,17306,Subscriber,1991,2
508,1/25/2015 11:29,1/25/2015 11:38,492,W 33 St & 7 Ave,40.75019995,-73.99093085,536,1 Ave & E 30 St,40.74144387,-73.97536082,16102,Subscriber,1985,1
256,1/25/2015 12:48,1/25/2015 12:53,300,Shevchenko Pl & E 7 St,40.728145,-73.990214,317,E 6 St & Avenue B,40.72453734,-73.98185424,15801,Subscriber,1986,1
1578,1/25/2015 13:56,1/25/2015 14:22,501,FDR Drive & E 35 St,40.744219,-73.97121214,224,Spruce St & Nassau St,40.71146364,-74.00552427,19798,Subscriber,1965,1
171,1/25/2015 15:05,1/25/2015 15:08,335,Washington Pl & Broadway,40.72903917,-73.99404649,161,LaGuardia Pl & W 3 St,40.72917025,-73.99810231,18704,Subscriber,1963,1
161,1/25/2015 16:13,1/25/2015 16:15,490,8 Ave & W 33 St,40.751551,-73.993934,477,W 41 St & 8 Ave,40.75640548,-73.9900262,14656,Subscriber,1974,1
886,1/25/2015 17:22,1/25/2015 17:37,512,W 29 St & 9 Ave,40.7500727,-73.99839279,519,Pershing Square North,40.751873,-73.977706,21384,Subscriber,1983,1
367,1/25/2015 18:54,1/25/2015 19:00,365,Fulton St & Grand Ave,40.68223166,-73.9614583,344,Monroe St & Bedford Ave,40.6851443,-73.95380904,16327,Subscriber,1972,2
375,1/25/2015 21:51,1/25/2015 21:57,2009,Catherine St & Monroe St,40.71117444,-73.99682619,386,Centre St & Worth St,40.71494807,-74.00234482,19977,Subscriber,1975,1
278,1/26/2015 7:04,1/26/2015 7:09,536,1 Ave & E 30 St,40.74144387,-73.97536082,546,E 30 St & Park Ave S,40.74444921,-73.98303529,19528,Subscriber,1989,2
423,1/26/2015 8:28,1/26/2015 8:35,393,E 5 St & Avenue C,40.72299208,-73.97995466,326,E 11 St & 1 Ave,40.72953837,-73.98426726,20098,Subscriber,1984,1
1025,1/26/2015 10:29,1/26/2015 10:47,517,Pershing Square South,40.751581,-73.97791,294,Washington Square E,40.73049393,-73.9957214,20685,Subscriber,1993,1
293,1/26/2015 15:06,1/26/2015 15:11,326,E 11 St & 1 Ave,40.72953837,-73.98426726,293,Lafayette St & E 8 St,40.73028666,-73.9907647,14972,Subscriber,1980,2
598,1/27/2015 15:56,1/27/2015 16:06,168,W 18 St & 6 Ave,40.73971301,-73.99456405,484,W 44 St & 5 Ave,40.75500254,-73.98014437,21536,Subscriber,1959,1
617,1/28/2015 7:36,1/28/2015 7:47,459,W 20 St & 11 Ave,40.746745,-74.007756,521,8 Ave & W 31 St,40.75044999,-73.99481051,21099,Subscriber,1963,1
417,1/28/2015 11:27,1/28/2015 11:34,468,Broadway & W 55 St,40.7652654,-73.98192338,465,Broadway & W 41 St,40.75513557,-73.98658032,19506,Subscriber,1979,1
467,1/28/2015 15:28,1/28/2015 15:36,368,Carmine St & 6 Ave,40.73038599,-74.00214988,428,E 3 St & 1 Ave,40.72467721,-73.98783413,21014,Subscriber,1965,1
884,1/28/2015 17:43,1/28/2015 17:57,164,E 47 St & 2 Ave,40.75323098,-73.97032517,495,W 47 St & 10 Ave,40.76269882,-73.99301222,18082,Subscriber,1979,1
477,1/28/2015 19:14,1/28/2015 19:22,489,10 Ave & W 28 St,40.75066386,-74.00176802,444,Broadway & W 24 St,40.7423543,-73.98915076,17547,Subscriber,1974,1
656,1/28/2015 23:27,1/28/2015 23:38,127,Barrow St & Hudson St,40.73172428,-74.00674436,237,E 11 St & 2 Ave,40.73047309,-73.98672378,15907,Subscriber,1978,2
363,1/29/2015 8:04,1/29/2015 8:10,270,Adelphi St & Myrtle Ave,40.69308257,-73.97178913,324,DeKalb Ave & Hudson Ave,40.689888,-73.981013,20547,Subscriber,1972,1
358,1/29/2015 9:10,1/29/2015 9:16,316,Fulton St & William St,40.70955958,-74.00653609,260,Broad St & Bridge St,40.70365182,-74.01167797,20539,Subscriber,1975,1
941,1/29/2015 11:12,1/29/2015 11:28,348,W Broadway & Spring St,40.72490985,-74.00154702,462,W 22 St & 10 Ave,40.74691959,-74.00451887,20554,Subscriber,1974,1
548,1/29/2015 14:05,1/29/2015 14:14,293,Lafayette St & E 8 St,40.73028666,-73.9907647,507,E 25 St & 2 Ave,40.73912601,-73.97973776,21035,Subscriber,1981,1
552,1/29/2015 16:21,1/29/2015 16:30,529,W 42 St & 8 Ave,40.7575699,-73.99098507,469,Broadway & W 53 St,40.76344058,-73.98268129,15827,Subscriber,1966,1
523,1/29/2015 17:41,1/29/2015 17:50,402,Broadway & E 22 St,40.7403432,-73.98955109,462,W 22 St & 10 Ave,40.74691959,-74.00451887,19067,Subscriber,1981,1
295,1/29/2015 18:40,1/29/2015 18:45,375,Mercer St & Bleecker St,40.72679454,-73.99695094,368,Carmine St & 6 Ave,40.73038599,-74.00214988,21002,Subscriber,1977,2
405,1/29/2015 20:18,1/29/2015 20:24,520,W 52 St & 5 Ave,40.75992262,-73.97648516,423,W 54 St & 9 Ave,40.76584941,-73.98690506,20872,Subscriber,1974,1
249,1/30/2015 5:33,1/30/2015 5:37,477,W 41 St & 8 Ave,40.75640548,-73.9900262,267,Broadway & W 36 St,40.75097711,-73.98765428,17194,Subscriber,1970,1
293,1/30/2015 8:22,1/30/2015 8:27,318,E 43 St & Vanderbilt Ave,40.75320159,-73.9779874,533,Broadway & W 39 St,40.75299641,-73.98721619,14549,Subscriber,1969,1
489,1/30/2015 9:43,1/30/2015 9:51,229,Great Jones St,40.72743423,-73.99379025,2010,Grand St & Greene St,40.72165481,-74.00234737,16549,Subscriber,1988,1
341,1/30/2015 12:10,1/30/2015 12:16,307,Canal St & Rutgers St,40.71427487,-73.98990025,296,Division St & Bowery,40.71413089,-73.9970468,17936,Subscriber,1984,2
613,1/30/2015 14:11,1/30/2015 14:21,297,E 15 St & 3 Ave,40.734232,-73.986923,527,E 33 St & 2 Ave,40.744023,-73.976056,16206,Subscriber,1972,1
365,1/30/2015 15:53,1/30/2015 15:59,173,Broadway & W 49 St,40.76064679,-73.98442659,362,Broadway & W 37 St,40.75172632,-73.98753523,19574,Subscriber,1957,2
1039,1/30/2015 17:11,1/30/2015 17:28,474,5 Ave & E 29 St,40.7451677,-73.98683077,423,W 54 St & 9 Ave,40.76584941,-73.98690506,18875,Subscriber,1971,1
1644,1/30/2015 18:10,1/30/2015 18:38,427,Bus Slip & State St,40.701907,-74.013942,332,Cherry St,40.71219906,-73.97948148,19393,Customer,,0
353,1/30/2015 19:41,1/30/2015 19:47,368,Carmine St & 6 Ave,40.73038599,-74.00214988,229,Great Jones St,40.72743423,-73.99379025,15271,Subscriber,1966,1
522,1/31/2015 3:48,1/31/2015 3:57,449,W 52 St & 9 Ave,40.76461837,-73.98789473,490,8 Ave & W 33 St,40.751551,-73.993934,16042,Customer,,0
2108,1/31/2015 11:21,1/31/2015 11:56,351,Front St & Maiden Ln,40.70530954,-74.00612572,477,W 41 St & 8 Ave,40.75640548,-73.9900262,19244,Subscriber,1980,1
1782,1/31/2015 13:45,1/31/2015 14:15,448,W 37 St & 10 Ave,40.75660359,-73.9979009,382,University Pl & E 14 St,40.73492695,-73.99200509,15083,Subscriber,1991,2
603,1/31/2015 16:01,1/31/2015 16:11,297,E 15 St & 3 Ave,40.734232,-73.986923,507,E 25 St & 2 Ave,40.73912601,-73.97973776,14578,Subscriber,1950,1
610,1/31/2015 18:36,1/31/2015 18:46,2009,Catherine St & Monroe St,40.71117444,-73.99682619,316,Fulton St & William St,40.70955958,-74.00653609,17026,Subscriber,1988,2
725,1/31/2015 23:58,2/1/2015 0:10,435,W 21 St & 6 Ave,40.74173969,-73.99415556,368,Carmine St & 6 Ave,40.73038599,-74.00214988,21029,Subscriber,1957,1
